Comment,Designator,Footprint,LCSC,Quantity
0Ω,"R10,R102,R103,R12,R14,R15,R16,R27,R52,R53,R54,R55,R56,R61,R62,R65,R66,R84,R85,R86,R87",R_0402_1005Metric-no-silkscreen-text,C17168,21
100kΩ,"R19,R25,R32,R39,R47,R67,R68,R69,R70,R83,R96",R_0402_1005Metric-no-silkscreen-text,C25741,11
100nF,"C100,C101,C102,C103,C104,C105,C106,C107,C108,C109,C11,C110,C111,C112,C113,C115,C116,C117,C118,C119,C12,C122,C123,C124,C125,C126,C127,C128,C129,C13,C130,C14,C15,C16,C17,C18,C2,C20,C21,C25,C27,C32,C33,C38,C39,C42,C43,C44,C46,C47,C48,C49,C50,C51,C52,C53,C54,C55,C56,C57,C58,C59,C60,C61,C62,C63,C64,C65,C66,C67,C68,C69,C70,C71,C72,C73,C74,C75,C78,C79,C8,C80,C81,C82,C83,C84,C85,C86,C87,C88,C89,C90,C91,C92,C93,C94,C95,C96,C97,C98,C99",C_0402_1005Metric-no-silkscreen-text,C307331,101
100Ω,"R48,R49,R50,R51",R_0402_1005Metric-no-silkscreen-text,C25076,4
10kΩ,"R100,R101,R29,R33,R37,R93,R94,R97",R_0402_1005Metric-no-silkscreen-text,C25744,8
10kΩ,R31,R_0402_1005Metric-no-silkscreen-text,C2902636,1
10µF,"C121,C19,C31,C40,C77",C_1206_3216Metric,C89632,5
10µH,"L2,L3",L_APV_APH0630,C5349698,2
13.3kΩ,"R20,R26",R_0402_1005Metric-no-silkscreen-text,C2974007,2
15p,"C3,C4",C_0402_1005Metric-no-silkscreen-text,C1548,2
1MΩ,"R35,R46",R_0402_1005Metric-no-silkscreen-text,C26083,2
1kΩ,"R2,R23,R36,R4,R5,R6,R98,R99",R_0402_1005Metric-no-silkscreen-text,C11702,8
1nF,C45,C_0402_1005Metric-no-silkscreen-text,C53547,1
1µF,"C114,C120,C24,C41,C76",C_0402_1005Metric-no-silkscreen-text,C52923,5
2.2kΩ,"R79,R80,R81,R82",R_0402_1005Metric-no-silkscreen-text,C25879,4
20kΩ,R21,R_0402_1005Metric-no-silkscreen-text,C25765,1
22µF,"C28,C29,C34,C35",C_1206_3216Metric,C12891,4
27Ω,"R7,R8",R_0402_1005Metric-no-silkscreen-text,C138021,2
3.3u,L1,L_pol_2016,C3221749,1
33Ω,"R3,R63,R64",R_0402_1005Metric-no-silkscreen-text,C138002,3
35.7kΩ,R30,R_0402_1005Metric-no-silkscreen-text,C2681604,1
4.7kΩ,"R38,R40,R41,R42,R43,R44,R45,R71,R72,R73,R74,R75,R76,R77,R78,R88,R89,R90,R91,R92,R95",R_0402_1005Metric-no-silkscreen-text,C25900,21
4.7µF,"C10,C23,C6,C7,C9",C_0402_1005Metric-no-silkscreen-text,C23733,5
4.7µF,"C131,C26",C_0402_1005Metric-no-silkscreen-text,C51205,2
49.9Ω,"R18,R24",R_0402_1005Metric-no-silkscreen-text,C140147,2
5.1kΩ,R22,R_0402_1005Metric-no-silkscreen-text,C25905,1
75pF,"C30,C36",C_0402_1005Metric-no-silkscreen-text,C37809,2
ABM8-272-T3,Y1,Crystal_SMD_3225-4Pin_3.2x2.5mm,C20625731,1
AO3401,Q1,SOT-23,C15127,1
AO4407A,"Q2,Q4,Q5,Q6,Q7",SOP-8_3.76x4.96mm_P1.27mm,C2841482,5
AP2171WG-7,"U12,U16",SOT-23-5,C110466,2
BC847B,"Q10,Q11,Q8,Q9",SOT-23,C20069135,4
BC857,Q3,SOT-23,C20069137,1
BZV55B3V3,D3,D_MiniMELF,C545375,1
BZX84C10,"D4,D5",SOT-23,C19077470,2
CD74HC4067SM,"AM0,AM1",SSOP-24_5.3x8.2mm_P0.65mm,C98457,2
FUSB302BMPX,"PD1,PD2",WQFN-14-1EP_2.5x2.5mm_P0.5mm_EP1.45x1.45mm,C132291,2
GH39FKSW,"H0:0,H0:1,H0:10,H0:11,H0:12,H0:13,H0:14,H0:2,H0:3,H0:4,H0:5,H0:6,H0:7,H0:8,H0:9,H1:0,H1:1,H1:10,H1:11,H1:12,H1:13,H1:14,H1:2,H1:3,H1:4,H1:5,H1:6,H1:7,H1:8,H1:9",SOT-23,C266230,30
LM2903,U11,JEITA_SOIC-8_3.9x4.9mm_P1.27mm,C7549,1
LM66100DCKT,"U15,U9",SOT-363_SC-70-6,C2832141,2
LM74700QDDF,"U17,U18",SOT-23-8,C3236229,2
NCE4009S,"Q13,Q14",SOP-8_3.76x4.96mm_P1.27mm,C189610,2
RP2350_80QFN,U1,RP2350-QFN-80-1EP_10x10_P0.4mm_EP3.4x3.4mm_ThermalVias,C42415655,1
SM03B-SRSS-TB,J9,JST_SH_SM03B-SRSS-TB_1x03-1MP_P1.00mm_Horizontal,C160403,1
SN74LVC2T45DCUR,U8,VSSOP-8_2.3x2mm_P0.5mm,C15741,1
TLV431BQDBZR,U10,SOT-23,C398374,1
TLV76733DRVR,U7,WSON-6-1EP_2x2mm_P0.65mm_EP1x1.6mm_ThermalVias,C2848334,1
TPD2E2U06DRL,"U13,U14",SOT-553,C1972959,2
TPS54302,"U5,U6",SOT-23-6,C311983,2
TS3USB30ERSWR,U2,UQFN-10_1.4x1.8mm_P0.4mm,C73880,1
USB_C_Receptacle_USB2.0_16P,"USB1,USB2",USB_C_Receptacle_HCTL_HC-TYPE-C-16P-01A,C2894897,2
W25Q128JVS,U3,SOIC-8_5.3x5.3mm_P1.27mm,C97521,1
boot,SW1,SW_Push_1P1T-MP_NO_Horizontal_Alps_SKRTLAE010,C110293,1
reset,SW2,SW_Push_1P1T-MP_NO_Horizontal_Alps_SKRTLAE010,C110293,1
~,"LED1,LED10,LED11,LED12,LED13,LED14,LED15,LED16,LED17,LED18,LED19,LED2,LED20,LED21,LED22,LED23,LED24,LED25,LED26,LED27,LED28,LED29,LED3,LED30,LED4,LED5,LED6,LED7,LED8,LED9",SK9822-EC20,C2909059,30
