Designator,Val,Package,Mid X,Mid Y,Rotation,Layer
AM0,CD74HC4067SM,SSOP-24_5.3x8.2mm_P0.65mm,47.327316,-80.962444,270.0,top
AM1,CD74HC4067SM,SSOP-24_5.3x8.2mm_P0.65mm,85.427284,-80.962444,270.0,top
C10,4.7µF,C_0402_1005Metric-no-silkscreen-text,65.0875,-68.3924,-90.0,top
C100,100nF,C_0402_1005Metric-no-silkscreen-text,77.182492,-56.172492,-90.0,top
C101,100nF,C_0402_1005Metric-no-silkscreen-text,91.231576,-56.256964,-90.0,top
C102,100nF,C_0402_1005Metric-no-silkscreen-text,110.28156,-56.256964,-90.0,top
C103,100nF,C_0402_1005Metric-no-silkscreen-text,34.081624,-37.206932,-90.0,top
C104,100nF,C_0402_1005Metric-no-silkscreen-text,58.1275,-37.117516,-90.0,top
C105,100nF,C_0402_1005Metric-no-silkscreen-text,72.181592,-37.206932,-90.0,top
C106,100nF,C_0402_1005Metric-no-silkscreen-text,91.231576,-37.206932,-90.0,top
C107,100nF,C_0402_1005Metric-no-silkscreen-text,110.28156,-37.206932,-90.0,top
C108,100nF,C_0402_1005Metric-no-silkscreen-text,51.3375,-76.137516,180.0,top
C109,100nF,C_0402_1005Metric-no-silkscreen-text,88.0375,-76.037516,180.0,top
C11,100nF,C_0402_1005Metric-no-silkscreen-text,71.776008,-60.729008,0.0,top
C110,100nF,C_0402_1005Metric_small_pads,66.782492,-52.052492,0.0,top
C111,100nF,C_0402_1005Metric-no-silkscreen-text,71.7875,-59.737516,0.0,top
C112,100nF,C_0402_1005Metric-no-silkscreen-text,71.3375,-54.8375,0.0,top
C113,100nF,C_0402_1005Metric-no-silkscreen-text,59.072492,-67.852492,180.0,top
C114,1µF,C_0402_1005Metric-no-silkscreen-text,97.996052,-72.437516,-90.0,top
C115,100nF,C_0402_1005Metric-no-silkscreen-text,37.9375,-79.537516,180.0,top
C116,100nF,C_0402_1005Metric-no-silkscreen-text,101.4625,-37.4375,0.0,top
C117,100nF,C_0402_1005Metric-no-silkscreen-text,97.2375,-86.457516,-90.0,top
C118,100nF,C_0402_1005Metric-no-silkscreen-text,67.7375,-123.637516,90.0,top
C119,100nF,C_0402_1005Metric-no-silkscreen-text,38.5375,-101.837516,90.0,top
C12,100nF,C_0402_1005Metric-no-silkscreen-text,62.781,-51.2924,90.0,top
C120,1µF,C_0402_1005Metric-no-silkscreen-text,109.547499,-45.837516,-90.0,top
C121,10µF,C_1206_3216Metric,112.347499,-47.037516,0.0,top
C122,100nF,C_0402_1005Metric-no-silkscreen-text,75.8375,-67.297516,-90.0,top
C123,100nF,C_0402_1005Metric-no-silkscreen-text,74.6375,-67.297516,-90.0,top
C124,100nF,C_0402_1005Metric-no-silkscreen-text,74.3375,-43.537516,90.0,top
C125,100nF,C_0402_1005Metric-no-silkscreen-text,75.5375,-41.437516,90.0,top
C126,100nF,C_0402_1005Metric-no-silkscreen-text,67.716752,-68.34558,90.0,top
C127,100nF,C_0402_1005Metric-no-silkscreen-text,36.0375,-121.037516,90.0,top
C128,100nF,C_0402_1005Metric-no-silkscreen-text,41.5975,-120.427516,90.0,top
C129,100nF,C_0402_1005Metric-no-silkscreen-text,50.8875,-35.337516,0.0,top
C13,100nF,C_0402_1005Metric-no-silkscreen-text,62.7875,-68.7375,-90.0,top
C130,100nF,C_0402_1005Metric-no-silkscreen-text,54.1375,-38.137516,90.0,top
C131,4.7µF,C_0402_1005Metric-no-silkscreen-text,93.7875,-43.9875,-90.0,top
C14,100nF,C_0402_1005Metric-no-silkscreen-text,56.9375,-50.937516,180.0,top
C15,100nF,C_0402_1005Metric-no-silkscreen-text,55.810512,-57.837516,180.0,top
C16,100nF,C_0402_1005Metric-no-silkscreen-text,71.7875,-61.687516,0.0,top
C17,100nF,C_0402_1005Metric-no-silkscreen-text,55.6617,-63.1375,180.0,top
C18,100nF,C_0402_1005Metric-no-silkscreen-text,70.246828,-65.037848,-90.0,top
C19,10µF,C_1206_3216Metric,74.1375,-61.737516,-90.0,top
C2,100nF,C_0402_1005Metric-no-silkscreen-text,58.787072,-43.755444,180.0,top
C20,100nF,C_0402_1005Metric-no-silkscreen-text,71.281,-55.7924,0.0,top
C21,100nF,C_0402_1005Metric-no-silkscreen-text,59.081,-66.7924,180.0,top
C23,4.7µF,C_0402_1005Metric-no-silkscreen-text,70.6575,-48.357516,-90.0,top
C24,1µF,C_0402_1005Metric-no-silkscreen-text,74.4575,-47.557516,-90.0,top
C25,100nF,C_0402_1005Metric-no-silkscreen-text,92.7875,-43.9875,-90.0,top
C26,4.7µF,C_0402_1005Metric-no-silkscreen-text,94.7875,-43.9875,-90.0,top
C27,100nF,C_0402_1005Metric-no-silkscreen-text,87.6875,-46.687532,0.0,top
C28,22µF,C_1206_3216Metric,96.5875,-50.987532,180.0,top
C29,22µF,C_1206_3216Metric,93.3875,-48.287532,180.0,top
C3,15p,C_0402_1005Metric-no-silkscreen-text,62.406,-70.5124,180.0,top
C30,75pF,C_0402_1005Metric-no-silkscreen-text,84.4875,-43.987532,90.0,top
C31,10µF,C_1206_3216Metric,94.3895,-63.090032,-90.0,top
C32,100nF,C_0402_1005Metric-no-silkscreen-text,92.6895,-62.890032,-90.0,top
C33,100nF,C_0402_1005Metric-no-silkscreen-text,87.5895,-65.590032,0.0,top
C34,22µF,C_1206_3216Metric,96.4895,-69.890032,180.0,top
C35,22µF,C_1206_3216Metric,93.2895,-67.190032,180.0,top
C36,75pF,C_0402_1005Metric-no-silkscreen-text,84.3895,-62.890032,90.0,top
C38,100nF,C_0402_1005Metric-no-silkscreen-text,58.2375,-117.037516,0.0,top
C39,100nF,C_0402_1005Metric-no-silkscreen-text,36.7375,-63.237516,-90.0,top
C4,15p,C_0402_1005Metric-no-silkscreen-text,65.376,-70.5124,0.0,top
C40,10µF,C_1206_3216Metric,37.8375,-81.237516,0.0,top
C41,1µF,C_0402_1005Metric-no-silkscreen-text,98.0375,-53.837516,-90.0,top
C42,100nF,C_0402_1005Metric-no-silkscreen-text,44.8975,-36.457516,0.0,top
C43,100nF,C_0402_1005Metric-no-silkscreen-text,44.2375,-114.5875,180.0,top
C44,100nF,C_0402_1005Metric-no-silkscreen-text,58.8575,-105.937516,0.0,top
C45,1nF,C_0402_1005Metric-no-silkscreen-text,77.655,-103.687516,180.0,top
C46,100nF,C_0402_1005Metric-no-silkscreen-text,35.421092,-128.140936,-90.0,top
C47,100nF,C_0402_1005Metric-no-silkscreen-text,50.5375,-130.7375,90.0,top
C48,100nF,C_0402_1005Metric-no-silkscreen-text,73.4625,-127.4875,-90.0,top
C49,100nF,C_0402_1005Metric-no-silkscreen-text,88.3875,-129.0875,90.0,top
C50,100nF,C_0402_1005Metric-no-silkscreen-text,111.621028,-128.174452,-90.0,top
C51,100nF,C_0402_1005Metric-no-silkscreen-text,111.621028,-109.090952,-90.0,top
C52,100nF,C_0402_1005Metric-no-silkscreen-text,88.3875,-109.0875,-90.0,top
C53,100nF,C_0402_1005Metric-no-silkscreen-text,73.52106,-109.090952,-90.0,top
C54,100nF,C_0402_1005Metric-no-silkscreen-text,50.8375,-111.7375,90.0,top
C55,100nF,C_0402_1005Metric-no-silkscreen-text,35.421092,-109.23978,-90.0,top
C56,100nF,C_0402_1005Metric-no-silkscreen-text,35.867576,-90.487452,180.0,top
C57,100nF,C_0402_1005Metric-no-silkscreen-text,49.8375,-90.4875,0.0,top
C58,100nF,C_0402_1005Metric-no-silkscreen-text,73.52106,-90.189796,-90.0,top
C59,100nF,C_0402_1005Metric-no-silkscreen-text,87.9875,-90.5375,0.0,top
C6,4.7µF,C_0402_1005Metric_small_pads,66.781,-54.0424,0.0,top
C60,100nF,C_0402_1005Metric-no-silkscreen-text,111.621028,-90.040968,-90.0,top
C61,100nF,C_0402_1005Metric-no-silkscreen-text,111.621028,-70.990984,-90.0,top
C62,100nF,C_0402_1005Metric-no-silkscreen-text,88.3875,-70.9375,-90.0,top
C63,100nF,C_0402_1005Metric-no-silkscreen-text,73.6375,-71.9875,90.0,top
C64,100nF,C_0402_1005Metric-no-silkscreen-text,50.2875,-70.990984,-90.0,top
C65,100nF,C_0402_1005Metric-no-silkscreen-text,35.421092,-70.990984,-90.0,top
C66,100nF,C_0402_1005Metric-no-silkscreen-text,35.421092,-51.941,-90.0,top
C67,100nF,C_0402_1005Metric-no-silkscreen-text,50.3375,-52.6375,90.0,top
C68,100nF,C_0402_1005Metric-no-silkscreen-text,73.52106,-51.941,-90.0,top
C69,100nF,C_0402_1005Metric-no-silkscreen-text,88.3875,-51.941,-90.0,top
C7,4.7µF,C_0402_1005Metric_small_pads,66.781,-53.0924,0.0,top
C70,100nF,C_0402_1005Metric-no-silkscreen-text,111.621028,-51.941,-90.0,top
C71,100nF,C_0402_1005Metric-no-silkscreen-text,111.621028,-32.891016,-90.0,top
C72,100nF,C_0402_1005Metric-no-silkscreen-text,88.3875,-32.891016,-90.0,top
C73,100nF,C_0402_1005Metric-no-silkscreen-text,73.52106,-32.891016,-90.0,top
C74,100nF,C_0402_1005Metric-no-silkscreen-text,49.9875,-33.3375,0.0,top
C75,100nF,C_0402_1005Metric-no-silkscreen-text,35.3875,-32.8875,-90.0,top
C76,1µF,C_0402_1005Metric-no-silkscreen-text,100.5375,-119.727517,90.0,top
C77,10µF,C_1206_3216Metric,97.7375,-118.227517,180.0,top
C78,100nF,C_0402_1005Metric-no-silkscreen-text,34.081624,-132.457092,-90.0,top
C79,100nF,C_0402_1005Metric-no-silkscreen-text,53.131608,-132.457092,-90.0,top
C8,100nF,C_0402_1005Metric-no-silkscreen-text,55.8375,-60.137516,180.0,top
C80,100nF,C_0402_1005Metric-no-silkscreen-text,72.181592,-132.457092,-90.0,top
C81,100nF,C_0402_1005Metric-no-silkscreen-text,91.231576,-132.457092,-90.0,top
C82,100nF,C_0402_1005Metric-no-silkscreen-text,110.28156,-132.457092,-90.0,top
C83,100nF,C_0402_1005Metric-no-silkscreen-text,39.1125,-113.287532,-90.0,top
C84,100nF,C_0402_1005Metric-no-silkscreen-text,53.131608,-113.40706,-90.0,top
C85,100nF,C_0402_1005Metric-no-silkscreen-text,72.181592,-113.40706,-90.0,top
C86,100nF,C_0402_1005Metric-no-silkscreen-text,91.231576,-113.40706,-90.0,top
C87,100nF,C_0402_1005Metric-no-silkscreen-text,110.28156,-113.40706,-90.0,top
C88,100nF,C_0402_1005Metric-no-silkscreen-text,34.081624,-94.357028,-90.0,top
C89,100nF,C_0402_1005Metric-no-silkscreen-text,53.131608,-94.357028,-90.0,top
C9,4.7µF,C_0402_1005Metric-no-silkscreen-text,68.981,-53.5924,-90.0,top
C90,100nF,C_0402_1005Metric-no-silkscreen-text,72.181592,-94.357028,-90.0,top
C91,100nF,C_0402_1005Metric-no-silkscreen-text,91.231576,-94.357028,-90.0,top
C92,100nF,C_0402_1005Metric-no-silkscreen-text,113.258136,-96.142916,0.0,top
C93,100nF,C_0402_1005Metric-no-silkscreen-text,34.081624,-75.306996,-90.0,top
C94,100nF,C_0402_1005Metric-no-silkscreen-text,53.131608,-75.306996,-90.0,top
C95,100nF,C_0402_1005Metric-no-silkscreen-text,72.181592,-75.306996,-90.0,top
C96,100nF,C_0402_1005Metric-no-silkscreen-text,91.231576,-75.306996,-90.0,top
C97,100nF,C_0402_1005Metric-no-silkscreen-text,110.28156,-75.306996,-90.0,top
C98,100nF,C_0402_1005Metric-no-silkscreen-text,34.081624,-56.256964,-90.0,top
C99,100nF,C_0402_1005Metric-no-silkscreen-text,53.131608,-56.256964,-90.0,top
D3,BZV55B3V3,D_MiniMELF,35.0775,-64.167516,90.0,top
D4,BZX84C10,SOT-23,56.0375,-106.4375,0.0,top
D5,BZX84C10,SOT-23,80.755,-104.687516,270.0,top
H0:0,GH39FKSW,SOT-23,36.5875,-131.83758,90.0,top
H0:1,GH39FKSW,SOT-23,36.5875,-112.787564,90.0,top
H0:10,GH39FKSW,SOT-23,74.6875,-112.787564,90.0,top
H0:11,GH39FKSW,SOT-23,74.6875,-131.83758,90.0,top
H0:12,GH39FKSW,SOT-23,55.6375,-131.83758,90.0,top
H0:13,GH39FKSW,SOT-23,55.6375,-112.787564,90.0,top
H0:14,GH39FKSW,SOT-23,55.6375,-93.737548,90.0,top
H0:2,GH39FKSW,SOT-23,36.5875,-93.737548,90.0,top
H0:3,GH39FKSW,SOT-23,36.5875,-74.687532,90.0,top
H0:4,GH39FKSW,SOT-23,36.5875,-55.637516,90.0,top
H0:5,GH39FKSW,SOT-23,36.5875,-36.5875,90.0,top
H0:6,GH39FKSW,SOT-23,55.6375,-36.5875,90.0,top
H0:7,GH39FKSW,SOT-23,55.6375,-55.637516,90.0,top
H0:8,GH39FKSW,SOT-23,55.6375,-74.687532,90.0,top
H0:9,GH39FKSW,SOT-23,74.6875,-93.737548,90.0,top
H1:0,GH39FKSW,SOT-23,93.7375,-93.737548,90.0,top
H1:1,GH39FKSW,SOT-23,93.7375,-112.787564,90.0,top
H1:10,GH39FKSW,SOT-23,112.787484,-55.637516,90.0,top
H1:11,GH39FKSW,SOT-23,112.7875,-74.687532,90.0,top
H1:12,GH39FKSW,SOT-23,112.7875,-93.737548,180.0,top
H1:13,GH39FKSW,SOT-23,112.787484,-112.787468,90.0,top
H1:14,GH39FKSW,SOT-23,112.7875,-131.83758,90.0,top
H1:2,GH39FKSW,SOT-23,93.7375,-131.837452,90.0,top
H1:3,GH39FKSW,SOT-23,93.7375,-55.637516,90.0,top
H1:4,GH39FKSW,SOT-23,93.7375,-36.587532,90.0,top
H1:5,GH39FKSW,SOT-23,74.687516,-36.587532,90.0,top
H1:6,GH39FKSW,SOT-23,74.687516,-55.637516,90.0,top
H1:7,GH39FKSW,SOT-23,74.687516,-74.6875,90.0,top
H1:8,GH39FKSW,SOT-23,93.7375,-74.6875,90.0,top
H1:9,GH39FKSW,SOT-23,112.787484,-36.587532,90.0,top
J9,SM03B-SRSS-TB,JST_SH_SM03B-SRSS-TB_1x03-1MP_P1.00mm_Horizontal,92.8375,-27.237516,180.0,top
L1,3.3u,L_pol_2016,66.822492,-50.452492,0.0,top
L2,10µH,L_APV_APH0630,99.2875,-45.312532,-90.0,top
L3,10µH,L_APV_APH0630,99.1895,-64.215032,-90.0,top
LED1,~,SK9822-EC20,33.3375,-128.58758,0.0,top
LED10,~,SK9822-EC20,52.3875,-90.4875,180.0,top
LED11,~,SK9822-EC20,52.3875,-109.5375,180.0,top
LED12,~,SK9822-EC20,52.3875,-128.5875,180.0,top
LED13,~,SK9822-EC20,71.4375,-128.5875,0.0,top
LED14,~,SK9822-EC20,71.4375,-109.5375,0.0,top
LED15,~,SK9822-EC20,71.4375,-90.487548,0.0,top
LED16,~,SK9822-EC20,71.4375,-71.4375,0.0,top
LED17,~,SK9822-EC20,71.4375,-52.3875,0.0,top
LED18,~,SK9822-EC20,71.4375,-33.3375,0.0,top
LED19,~,SK9822-EC20,90.4875,-33.3375,180.0,top
LED2,~,SK9822-EC20,33.3375,-109.5375,0.0,top
LED20,~,SK9822-EC20,90.4875,-52.3875,180.0,top
LED21,~,SK9822-EC20,90.4875,-71.4375,180.0,top
LED22,~,SK9822-EC20,90.4875,-90.4875,180.0,top
LED23,~,SK9822-EC20,90.4875,-109.5375,180.0,top
LED24,~,SK9822-EC20,90.4875,-128.5875,180.0,top
LED25,~,SK9822-EC20,109.5375,-128.5875,0.0,top
LED26,~,SK9822-EC20,109.5375,-109.5375,0.0,top
LED27,~,SK9822-EC20,109.5375,-90.4875,0.0,top
LED28,~,SK9822-EC20,109.5375,-71.4375,0.0,top
LED29,~,SK9822-EC20,109.5375,-52.3875,0.0,top
LED3,~,SK9822-EC20,33.3375,-90.4875,0.0,top
LED30,~,SK9822-EC20,109.5375,-33.3375,0.0,top
LED4,~,SK9822-EC20,33.3375,-71.4375,0.0,top
LED5,~,SK9822-EC20,33.3375,-52.3875,0.0,top
LED6,~,SK9822-EC20,33.3375,-33.3375,0.0,top
LED7,~,SK9822-EC20,52.3875,-33.3375,180.0,top
LED8,~,SK9822-EC20,52.3875,-52.3875,180.0,top
LED9,~,SK9822-EC20,52.3875,-71.4375,180.0,top
PD1,FUSB302BMPX,WQFN-14-1EP_2.5x2.5mm_P0.5mm_EP1.45x1.45mm,45.4275,-39.047516,0.0,top
PD2,FUSB302BMPX,WQFN-14-1EP_2.5x2.5mm_P0.5mm_EP1.45x1.45mm,39.1375,-119.437516,90.0,top
Q1,AO3401,SOT-23,77.5375,-101.337516,90.0,top
Q10,BC847B,SOT-23,69.175001,-121.937516,90.0,top
Q11,BC847B,SOT-23,32.4375,-98.537516,180.0,top
Q13,NCE4009S,SOP-8_3.76x4.96mm_P1.27mm,40.7375,-124.737516,270.0,top
Q14,NCE4009S,SOP-8_3.76x4.96mm_P1.27mm,44.6775,-47.997516,180.0,top
Q2,AO4407A,SOP-8_3.76x4.96mm_P1.27mm,56.7,-101.732516,270.0,top
Q3,BC857,SOT-23,79.4,-108.287516,90.0,top
Q4,AO4407A,SOP-8_3.76x4.96mm_P1.27mm,100.1625,-32.1375,0.0,top
Q5,AO4407A,SOP-8_3.76x4.96mm_P1.27mm,102.7,-85.632516,270.0,top
Q6,AO4407A,SOP-8_3.76x4.96mm_P1.27mm,66.1375,-128.937516,180.0,top
Q7,AO4407A,SOP-8_3.76x4.96mm_P1.27mm,33.1575,-103.267516,90.0,top
Q8,BC847B,SOT-23,104.8625,-31.0375,90.0,top
Q9,BC847B,SOT-23,103.6375,-90.437516,0.0,top
R10,0Ω,R_0402_1005Metric-no-silkscreen-text,54.2875,-43.827516,0.0,top
R100,10kΩ,R_0402_1005Metric-no-silkscreen-text,73.5375,-40.437516,-90.0,top
R101,10kΩ,R_0402_1005Metric-no-silkscreen-text,66.674956,-68.375579,90.0,top
R102,0Ω,R_0402_1005Metric-no-silkscreen-text,46.1375,-118.937516,90.0,top
R103,0Ω,R_0402_1005Metric-no-silkscreen-text,52.9175,-37.947517,-90.0,top
R12,0Ω,R_0402_1005Metric-no-silkscreen-text,74.9075,-49.037516,0.0,top
R14,0Ω,R_0402_1005Metric-no-silkscreen-text,34.4375,-79.537516,-90.0,top
R15,0Ω,R_0402_1005Metric-no-silkscreen-text,99.7375,-56.037516,180.0,top
R16,0Ω,R_0402_1005Metric-no-silkscreen-text,100.096052,-74.437516,180.0,top
R18,49.9Ω,R_0402_1005Metric-no-silkscreen-text,85.4875,-45.987532,-90.0,top
R19,100kΩ,R_0402_1005Metric-no-silkscreen-text,85.4875,-43.987532,-90.0,top
R2,1kΩ,R_0402_1005Metric-no-silkscreen-text,63.981,-68.3974,-90.0,top
R20,13.3kΩ,R_0402_1005Metric-no-silkscreen-text,86.4875,-43.987532,90.0,top
R21,20kΩ,R_0402_1005Metric-no-silkscreen-text,58.9375,-119.327517,90.0,top
R22,5.1kΩ,R_0402_1005Metric-no-silkscreen-text,56.2275,-123.737516,0.0,top
R23,1kΩ,R_0402_1005Metric-no-silkscreen-text,73.6375,-67.297516,-90.0,top
R24,49.9Ω,R_0402_1005Metric-no-silkscreen-text,85.3895,-64.890032,-90.0,top
R25,100kΩ,R_0402_1005Metric-no-silkscreen-text,85.3895,-62.890032,-90.0,top
R26,13.3kΩ,R_0402_1005Metric-no-silkscreen-text,86.3895,-62.890032,90.0,top
R27,0Ω,R_0402_1005Metric-no-silkscreen-text,57.9375,-123.827517,90.0,top
R29,10kΩ,R_0402_1005Metric-no-silkscreen-text,56.3375,-108.937516,0.0,top
R3,33Ω,R_0402_1005Metric-no-silkscreen-text,68.981,-51.7424,-90.0,top
R30,35.7kΩ,R_0402_1005Metric-no-silkscreen-text,55.9375,-117.037516,0.0,top
R31,10kΩ,R_0402_1005Metric-no-silkscreen-text,53.9375,-117.037516,0.0,top
R32,100kΩ,R_0402_1005Metric-no-silkscreen-text,55.9275,-115.837516,0.0,top
R33,10kΩ,R_0402_1005Metric-no-silkscreen-text,79.7375,-110.537516,180.0,top
R35,1MΩ,R_0402_1005Metric-no-silkscreen-text,77.6375,-104.937516,0.0,top
R36,1kΩ,R_0402_1005Metric-no-silkscreen-text,77.6325,-105.9925,180.0,top
R37,10kΩ,R_0402_1005Metric-no-silkscreen-text,36.7375,-65.137516,90.0,top
R38,4.7kΩ,R_0402_1005Metric-no-silkscreen-text,87.0995,-60.990032,180.0,top
R39,100kΩ,R_0402_1005Metric-no-silkscreen-text,35.5375,-78.537516,90.0,top
R4,1kΩ,R_0402_1005Metric-no-silkscreen-text,28.574988,-77.77354,-90.0,top
R40,4.7kΩ,R_0402_1005Metric-no-silkscreen-text,69.8125,-78.4125,180.0,top
R41,4.7kΩ,R_0402_1005Metric-no-silkscreen-text,69.8125,-77.4625,180.0,top
R42,4.7kΩ,R_0402_1005Metric-no-silkscreen-text,61.6875,-38.5875,180.0,top
R43,4.7kΩ,R_0402_1005Metric-no-silkscreen-text,61.6875,-39.5375,180.0,top
R44,4.7kΩ,R_0402_1005Metric-no-silkscreen-text,61.6875,-37.6375,0.0,top
R45,4.7kΩ,R_0402_1005Metric-no-silkscreen-text,69.8125,-79.3625,0.0,top
R46,1MΩ,R_0402_1005Metric-no-silkscreen-text,51.9875,-117.0875,0.0,top
R47,100kΩ,R_0402_1005Metric-no-silkscreen-text,81.9375,-108.237516,-90.0,top
R48,100Ω,R_0402_1005Metric-no-silkscreen-text,41.7975,-35.387516,-135.0,top
R49,100Ω,R_0402_1005Metric-no-silkscreen-text,46.7475,-35.457516,90.0,top
R5,1kΩ,R_0402_1005Metric-no-silkscreen-text,76.849631,-67.285385,-90.0,top
R50,100Ω,R_0402_1005Metric-no-silkscreen-text,36.3375,-118.5375,0.0,top
R51,100Ω,R_0402_1005Metric-no-silkscreen-text,34.057472,-115.168716,180.0,top
R52,0Ω,R_0402_1005Metric-no-silkscreen-text,91.2375,-84.637516,-90.0,top
R53,0Ω,R_0402_1005Metric-no-silkscreen-text,62.4375,-80.037516,90.0,top
R54,0Ω,R_0402_1005Metric-no-silkscreen-text,63.4375,-80.037516,90.0,top
R55,0Ω,R_0402_1005Metric-no-silkscreen-text,64.447501,-80.037516,90.0,top
R56,0Ω,R_0402_1005Metric-no-silkscreen-text,65.4375,-80.037516,90.0,top
R6,1kΩ,R_0402_1005Metric-no-silkscreen-text,54.9375,-51.707516,0.0,top
R61,0Ω,R_0402_1005Metric-no-silkscreen-text,48.7375,-85.7875,180.0,top
R62,0Ω,R_0402_1005Metric-no-silkscreen-text,47.6375,-133.817516,180.0,top
R63,33Ω,R_0402_1005Metric-no-silkscreen-text,31.2375,-129.937516,-90.0,top
R64,33Ω,R_0402_1005Metric-no-silkscreen-text,33.6375,-130.337516,180.0,top
R65,0Ω,R_0402_1005Metric-no-silkscreen-text,92.2375,-84.637516,90.0,top
R66,0Ω,R_0402_1005Metric-no-silkscreen-text,48.7375,-86.7375,0.0,top
R67,100kΩ,R_0402_1005Metric-no-silkscreen-text,101.4625,-36.4375,0.0,top
R68,100kΩ,R_0402_1005Metric-no-silkscreen-text,98.3375,-87.027517,-90.0,top
R69,100kΩ,R_0402_1005Metric-no-silkscreen-text,66.2375,-124.337516,180.0,top
R7,27Ω,R_0402_1005Metric-no-silkscreen-text,63.781,-51.2924,-90.0,top
R70,100kΩ,R_0402_1005Metric-no-silkscreen-text,37.5375,-101.837516,90.0,top
R71,4.7kΩ,R_0402_1005Metric-no-silkscreen-text,103.4625,-33.7375,90.0,top
R72,4.7kΩ,R_0402_1005Metric-no-silkscreen-text,100.7375,-88.937516,0.0,top
R73,4.7kΩ,R_0402_1005Metric-no-silkscreen-text,66.4375,-122.426584,90.0,top
R74,4.7kΩ,R_0402_1005Metric-no-silkscreen-text,35.1375,-99.937516,180.0,top
R75,4.7kΩ,R_0402_1005Metric-no-silkscreen-text,104.4625,-33.7375,-90.0,top
R76,4.7kΩ,R_0402_1005Metric-no-silkscreen-text,100.7375,-90.337516,180.0,top
R77,4.7kΩ,R_0402_1005Metric-no-silkscreen-text,71.9375,-121.337516,90.0,top
R78,4.7kΩ,R_0402_1005Metric-no-silkscreen-text,35.1375,-97.937515,0.0,top
R79,2.2kΩ,R_0402_1005Metric-no-silkscreen-text,105.5625,-33.7375,-90.0,top
R8,27Ω,R_0402_1005Metric-no-silkscreen-text,64.781,-51.2924,-90.0,top
R80,2.2kΩ,R_0402_1005Metric-no-silkscreen-text,103.6375,-92.937516,0.0,top
R81,2.2kΩ,R_0402_1005Metric-no-silkscreen-text,71.9375,-123.447515,-90.0,top
R82,2.2kΩ,R_0402_1005Metric-no-silkscreen-text,35.1375,-98.937516,0.0,top
R83,100kΩ,R_0402_1005Metric-no-silkscreen-text,101.4375,-52.5875,0.0,top
R84,0Ω,R_0402_1005Metric-no-silkscreen-text,57.1375,-52.337516,0.0,top
R85,0Ω,R_0402_1005Metric-no-silkscreen-text,57.1375,-53.337516,0.0,top
R86,0Ω,R_0402_1005Metric-no-silkscreen-text,55.810528,-61.0875,0.0,top
R87,0Ω,R_0402_1005Metric-no-silkscreen-text,56.554668,-65.5875,90.0,top
R88,4.7kΩ,R_0402_1005Metric-no-silkscreen-text,116.1375,-108.0875,-90.0,top
R89,4.7kΩ,R_0402_1005Metric-no-silkscreen-text,60.0975,-109.7875,180.0,top
R90,4.7kΩ,R_0402_1005Metric-no-silkscreen-text,27.2875,-52.9475,90.0,top
R91,4.7kΩ,R_0402_1005Metric-no-silkscreen-text,78.5775,-33.4375,0.0,top
R92,4.7kΩ,R_0402_1005Metric-no-silkscreen-text,100.5375,-121.627517,-90.0,top
R93,10kΩ,R_0402_1005Metric-no-silkscreen-text,76.349631,-68.697516,0.0,top
R94,10kΩ,R_0402_1005Metric-no-silkscreen-text,74.1375,-68.697516,180.0,top
R95,4.7kΩ,R_0402_1005Metric-no-silkscreen-text,111.047499,-41.937516,180.0,top
R96,100kΩ,R_0402_1005Metric-no-silkscreen-text,113.247499,-41.937516,180.0,top
R97,10kΩ,R_0402_1005Metric-no-silkscreen-text,72.2375,-42.037516,0.0,top
R98,1kΩ,R_0402_1005Metric-no-silkscreen-text,73.3375,-43.537516,90.0,top
R99,1kΩ,R_0402_1005Metric-no-silkscreen-text,74.5375,-41.437516,90.0,top
SW1,boot,SW_Push_1P1T-MP_NO_Horizontal_Alps_SKRTLAE010,26.062492,-86.022596,-90.0,top
SW2,reset,SW_Push_1P1T-MP_NO_Horizontal_Alps_SKRTLAE010,26.054288,-75.966356,-90.0,top
U1,RP2350_80QFN,RP2350-QFN-80-1EP_10x10_P0.4mm_EP3.4x3.4mm_ThermalVias,63.781,-60.0924,0.0,top
U10,TLV431BQDBZR,SOT-23,60.4875,-123.2375,180.0,top
U11,LM2903,JEITA_SOIC-8_3.9x4.9mm_P1.27mm,54.6875,-120.342516,0.0,top
U12,AP2171WG-7,SOT-23-5,97.9375,-121.127517,270.0,top
U13,TPD2E2U06DRL,SOT-553,45.034992,-34.2375,-90.0,top
U14,TPD2E2U06DRL,SOT-553,34.225,-116.962532,0.0,top
U15,LM66100DCKT,SOT-363_SC-70-6,100.091552,-72.833032,180.0,top
U16,AP2171WG-7,SOT-23-5,112.147499,-44.137516,90.0,top
U17,LM74700QDDF,SOT-23-8,43.8375,-119.637516,180.0,top
U18,LM74700QDDF,SOT-23-8,49.7575,-37.560016,90.0,top
U2,TS3USB30ERSWR,UQFN-10_1.4x1.8mm_P0.4mm,32.3125,-79.187532,180.0,top
U3,W25Q128JVS,SOIC-8_5.3x5.3mm_P1.27mm,56.781,-47.454992,270.0,top
U5,TPS54302,SOT-23-6,89.0875,-44.487532,90.0,top
U6,TPS54302,SOT-23-6,88.9895,-63.390032,90.0,top
U7,TLV76733DRVR,WSON-6-1EP_2x2mm_P0.65mm_EP1x1.6mm_ThermalVias,72.57,-48.037516,0.0,top
U8,SN74LVC2T45DCUR,VSSOP-8_2.3x2mm_P0.5mm,49.7375,-135.607517,0.0,top
U9,LM66100DCKT,SOT-363_SC-70-6,100.0275,-54.412516,180.0,top
USB1,USB_C_Receptacle_USB2.0_16P,USB_C_Receptacle_HCTL_HC-TYPE-C-16P-01A,45.24376,-29.239683,180.0,top
USB2,USB_C_Receptacle_USB2.0_16P,USB_C_Receptacle_HCTL_HC-TYPE-C-16P-01A,29.239683,-116.68132,-90.0,top
Y1,ABM8-272-T3,Crystal_SMD_3225-4Pin_3.2x2.5mm,63.781,-74.0924,0.0,top
